Letter,Cluster Title
a,Advancement of uPSP Technology (13 vertices)
b,Aerodynamic Phenomena and Modeling (33 vertices)
c,Enhancing Hypersonic Wind Tunnels (14 vertices)
d,Flow Pulsations in Wind (12 vertices)
e,Magnetic Suspension in Aerodynamics (15 vertices)
f,Measuring Aircraft Physical Phenomena (20 vertices)
g,Studying Supersonic Flow Parameters (62 vertices)
h,Wind Tunnel Design Applications (555 vertices)
i,Wind Tunnel Environmental Studies (27 vertices)
j,Wind Tunnels and Applications (103 vertices)
